"id","password"
"1","123abc"
"2","456abc"
"1692224647870857218","123"
"1692226612952612865","123"
"1692228824927879170","12344"
"1692249632895234049","123"
"1692471861721444353","123"
"1692478961080086529","123"
"1692479154395557889","123"
"1692480862249037825","123"
"1692485022688227330","123"
"1692485559139708930","123"
"1692485772906606594","123"
"1692488950108663810","123"
"1692490682448490497","123"
"1692492102744682498","123"
"1692492376792117250","123"
"1692493265703546882","123"
"1692496858527576065","123"
